,CIK,Date first added,Founded,Sub Sector,Sector,Headquarters Location,SEC filings,Security,Gold,Intercept,M_Index,NaturalGas,Oil,Group
MMM,66740,0,1902,Industrial Conglomerates,Industrials,"St. Paul, Minnesota",reports,3M Company,0.0,0.0,1.0615151568809622,0.0,0.0,0
ABT,1800,3/31/1964,1888,Health Care Equipment,Health Care,"North Chicago, Illinois",reports,Abbott Laboratories,0.0,0.0,1.0722023950311952,0.0,-0.019397770125437547,0
ABBV,1551152,12/31/2012,2013 (1888),Pharmaceuticals,Health Care,"North Chicago, Illinois",reports,AbbVie Inc.,0.0,0.0,1.0810532705919942,0.0,0.0,0
ACN,1467373,7/6/2011,1989,IT Consulting & Other Services,Information Technology,"Dublin, Ireland",reports,Accenture plc,0.0,0.0,1.0532847636798333,0.0,0.0,0
ATVI,718877,8/31/2015,2008,Interactive Home Entertainment,Communication Services,"Santa Monica, California",reports,Activision Blizzard,0.0,0.0,1.337670360493436,0.0,0.0,0
ADBE,796343,5/5/1997,1982,Application Software,Information Technology,"San Jose, California",reports,Adobe Systems Inc,0.17563880196334858,0.0009417283429903273,1.514176164767124,0.0,0.0,7
AMD,2488,3/20/2017,1969,Semiconductors,Information Technology,"Santa Clara, California",reports,Advanced Micro Devices Inc,0.0,0.0,2.0496221587618404,0.0,0.0,0
AAP,1158449,7/9/2015,1932,Automotive Retail,Consumer Discretionary,"Raleigh, North Carolina",reports,Advance Auto Parts,0.0,0.0,0.778218158068338,0.0,0.0,1
AES,874761,10/2/1998,1981,Independent Power Producers & Energy Traders,Utilities,"Arlington, Virginia",reports,AES Corp,0.2740926137619709,0.0,0.6328558570623629,0.0,0.0,1
AFL,4977,5/28/1999,1955,Life & Health Insurance,Financials,"Columbus, Georgia",reports,AFLAC Inc,-0.09890371386447536,0.0,0.7029403796381578,0.0,0.0,1
A,1090872,6/5/2000,1999,Health Care Equipment,Health Care,"Santa Clara, California",reports,Agilent Technologies Inc,0.0,0.0,1.2134812404495792,0.0,-0.021463939312083145,0
APD,2969,4/30/1985,1940,Industrial Gases,Materials,"Allentown, Pennsylvania",reports,Air Products & Chemicals Inc,0.0,0.0,0.8961353839568703,0.0,0.0,0
AKAM,1086222,7/12/2007,1998,Internet Services & Infrastructure,Information Technology,"Cambridge, Massachusetts",reports,Akamai Technologies Inc,0.0,0.0,1.1635820187534938,0.0,0.0,0
ALK,766421,5/13/2016,1985,Airlines,Industrials,"Seattle, Washington",reports,Alaska Air Group Inc,-0.2998117911027488,0.0,1.004337793784616,0.0,-0.04081115137415022,6
ALB,915913,7/1/2016,1994,Specialty Chemicals,Materials,"Charlotte, North Carolina",reports,Albemarle Corp,0.0,0.0,1.126808264452226,0.0,0.0,0
ARE,1035443,3/20/2017,1994,Office REITs,Real Estate,"Pasadena, California",reports,Alexandria Real Estate Equities,0.1618910893167649,0.0,0.6545781259649832,0.0,0.0,1
ALXN,899866,5/25/2012,1992,Biotechnology,Health Care,"Boston, Massachusetts",reports,Alexion Pharmaceuticals,0.2869125367362662,0.0,1.3899523768413853,0.00033681272021578087,-0.045331277535556665,4
ALGN,1097149,6/19/2017,1997,Health Care Supplies,Health Care,"San Jose, California",reports,Align Technology,0.3258003894276705,0.0,1.7034198208230544,0.0,0.0,0
ALLE,1579241,12/2/2013,1908,Building Products,Industrials,"Dublin, Ireland",reports,Allegion,0.0,0.0,0.9482907068472464,0.0,0.0,0
AGN,1578845,4/12/1999,1983,Pharmaceuticals,Health Care,"Dublin, Ireland",reports,"Allergan, plc",0.23444072688755035,0.0,0.954869625688922,0.0,0.0,0
ADS,1101215,12/23/2013,1996,Data Processing & Outsourced Services,Information Technology,"Plano, Texas",reports,Alliance Data Systems,0.0,0.0,1.166153254996281,0.0,0.03638377722028946,0
LNT,352541,7/1/2016,1917,Electric Utilities,Utilities,"Madison, Wisconsin",reports,Alliant Energy Corp,0.1722462044205592,0.0,0.26002901192025185,0.0,0.0,1
ALL,899051,7/13/1995,1931,Property & Casualty Insurance,Financials,"Northfield Township, Illinois",reports,Allstate Corp,-0.17534404344999094,0.0,0.7136811367372682,0.0,0.0,6
GOOGL,1652044,4/3/2014,1998,Interactive Media & Services,Communication Services,"Mountain View, California",reports,Alphabet Inc Class A,0.10922822777009317,0.0,1.327131476654437,0.0,0.0,0
MO,764180,0,1985,Tobacco,Consumer Staples,"Richmond, Virginia",reports,Altria Group Inc,0.0,0.0,0.5650170821325297,0.0,0.0,1
AMZN,1018724,11/18/2005,1994,Internet & Direct Marketing Retail,Consumer Discretionary,"Seattle, Washington",reports,Amazon.com Inc.,0.0,0.0,1.5377910372019419,0.0,0.0,0
AEE,1002910,9/19/1991,1902,Multi-Utilities,Utilities,"St. Louis, Missouri",reports,Ameren Corp,0.1260952195849916,0.0,0.2761473863008491,0.0,0.0,1
AAL,6201,3/23/2015,1934,Airlines,Industrials,"Fort Worth, Texas",reports,American Airlines Group,-0.3118383392997874,0.0,1.408402608111333,0.0,0.0,6
AEP,4904,0,1906,Electric Utilities,Utilities,"Columbus, Ohio",reports,American Electric Power,0.1537139348475672,0.0,0.17193203403197066,0.0,0.0,1
AXP,4962,6/30/1976,1850,Consumer Finance,Financials,"New York, New York",reports,American Express Co,-0.14829899372294242,0.0,1.0471480554753525,0.0,0.0,0
AIG,5272,3/31/1980,1919,Property & Casualty Insurance,Financials,"New York, New York",reports,American International Group,-0.2249006808201763,0.0,0.8217430331127058,0.0,0.0,6
AMT,1053507,11/19/2007,1995,Specialized REITs,Real Estate,"Boston, Massachusetts",reports,American Tower Corp.,0.16218524201998644,0.0,0.4510306658588735,0.0,0.0,1
AWK,1410636,3/4/2016,1886,Water Utilities,Utilities,"Camden, New Jersey",reports,American Water Works Company Inc,0.16874961627980656,0.0,0.3744925041425847,0.0,0.0,1
AMP,820027,10/3/2005,1894,Asset Management & Custody Banks,Financials,"Minneapolis, Minnesota",reports,Ameriprise Financial,-0.27902206248784184,0.0,1.3967606369110357,0.0,0.0,6
ABC,1140859,8/30/2001,1985,Health Care Distributors,Health Care,"Chesterbrook, Pennsylvania",reports,AmerisourceBergen Corp,0.0,0.0,0.950149302739372,0.0,0.0,0
AME,1037868,9/23/2013,1930,Electrical Components & Equipment,Industrials,"Berwyn, Pennsylvania",reports,AMETEK Inc.,0.0,0.0,1.066132079845562,0.0,0.0,0
AMGN,318154,1/2/1992,1980,Biotechnology,Health Care,"Thousand Oaks, California",reports,Amgen Inc.,0.0,0.0,1.0515406406239236,0.0,0.0,0
APH,820313,9/30/2008,1932,Electronic Components,Information Technology,"Wallingford, Connecticut",reports,Amphenol Corp,0.0,0.0,0.9911143359516129,0.0,0.0,0
ADI,6281,10/12/1999,1965,Semiconductors,Information Technology,"Norwood, Massachusetts",reports,"Analog Devices, Inc.",0.0,0.0,1.1756845951951516,0.0,0.0,0
ANSS,1013462,6/19/2017,1969,Application Software,Information Technology,"Canonsburg, Pennsylvania",reports,ANSYS,0.0,0.0,1.214755096000897,0.0,-0.02342900099610977,0
ANTM,1156039,7/25/2002,2014 (1940s),Managed Health Care,Health Care,"Indianapolis, Indiana",reports,Anthem,0.0,0.0,0.8952208007292313,0.0,0.0,0
AON,315293,4/23/1996,1982 (1919),Insurance Brokers,Financials,"London, United Kingdom",reports,Aon plc,0.0,0.0,0.7300267724052022,0.0,0.0,1
APA,6769,7/28/1997,1954,Oil & Gas Exploration & Production,Energy,"Houston, Texas",reports,Apache Corporation,0.0,0.0,1.0841816234140402,0.0,0.10721061266538214,3
AIV,922864,3/14/2003,1994 (1975),Residential REITs,Real Estate,"Denver, Colorado",reports,Apartment Investment & Management,0.17645896876297434,0.0,0.4845265244600882,0.0,-0.02411197675768102,1
AAPL,320193,11/30/1982,1977,"Technology Hardware, Storage & Peripherals",Information Technology,"Cupertino, California",reports,Apple Inc.,0.0,0.0,1.2661805033123463,0.0,0.0,0
AMAT,6951,3/16/1995,1967,Semiconductor Equipment,Information Technology,"Santa Clara, California",reports,Applied Materials Inc.,0.0,0.0,1.6424416310326877,0.0,0.0,0
ADM,7084,7/29/1981,1902,Agricultural Products,Consumer Staples,"Chicago, Illinois",reports,Archer-Daniels-Midland Co,0.0,0.0,0.674626563022872,0.0,0.0,1
ARNC,4281,3/31/1964,2016,Aerospace & Defense,Industrials,"New York, New York",reports,Arconic Inc.,0.0,0.0,1.463455497954999,0.0,0.0,0
AJG,354190,5/31/2016,0,Insurance Brokers,Financials,"Itasca, Illinois",reports,Arthur J. Gallagher & Co.,-0.08628018214743136,0.0,0.7634338169465762,0.0,0.0,0
AIZ,1267238,4/10/2007,0,Multi-line Insurance,Financials,"New York, New York",reports,Assurant,-0.3430650645939073,0.0,0.7673511477885884,0.0,0.0,6
T,732717,1983-11-30 (1957-03-04),1983 (1885),Integrated Telecommunication Services,Communication Services,"Dallas, Texas",reports,AT&T Inc.,0.0,0.0,0.6580276407046475,0.0,0.0,1
ADSK,769397,12/1/1989,0,Application Software,Information Technology,"San Rafael, California",reports,Autodesk Inc.,0.0,0.0,1.7392928468545354,0.0,0.0,0
ADP,8670,3/31/1981,0,Internet Services & Infrastructure,Information Technology,"Roseland, New Jersey",reports,Automatic Data Processing,0.0,0.0,1.0079119217158832,0.0,0.0,0
AZO,866787,1/2/1997,0,Specialty Stores,Consumer Discretionary,"Memphis, Tennessee",reports,AutoZone Inc,0.0,0.0,0.4351960602350058,0.0,0.0,1
AVB,915912,1/10/2007,0,Residential REITs,Real Estate,"Arlington, Virginia[3]",reports,"AvalonBay Communities, Inc.",0.0,0.0,0.4642112101860685,0.0,-0.027700848248037372,1
AVY,8818,12/31/1987,0,Paper Packaging,Materials,"Glendale, California",reports,Avery Dennison Corp,0.0,0.0,0.9434588914819512,0.0,0.0,0
BLL,9389,10/31/1984,0,Metal & Glass Containers,Materials,"Broomfield, Colorado",reports,Ball Corp,0.0,0.0,0.7898019224537401,0.0,0.0,1
BAC,70858,6/30/1976,0,Diversified Banks,Financials,"Charlotte, North Carolina",reports,Bank of America Corp,-0.5495944870622465,0.0,1.1517689595992675,0.0,0.0,6
BK,1390777,3/31/1995,0,Asset Management & Custody Banks,Financials,"New York, New York",reports,The Bank of New York Mellon Corp.,-0.2605084389887726,0.0,0.9305398382873332,0.0,0.0,6
BAX,10456,9/30/1972,1931,Health Care Equipment,Health Care,"Deerfield, Illinois",reports,Baxter International Inc.,0.11480809343466855,0.0,0.9181187981404259,0.0,0.0,0
BDX,10795,9/30/1972,1897,Health Care Equipment,Health Care,"Franklin Lakes, New Jersey",reports,Becton Dickinson,0.158400595784724,0.0,0.9382802043561256,0.0,0.0,0
BBY,764478,6/29/1999,0,Computer & Electronics Retail,Consumer Discretionary,"Richfield, Minnesota",reports,Best Buy Co. Inc.,0.0,0.0,1.0582567432598116,0.0,0.0,0
BIIB,875045,11/13/2003,0,Biotechnology,Health Care,"Cambridge, Massachusetts",reports,Biogen Inc.,0.0,0.0,1.0131810907532042,0.0,0.0,0
BLK,1364742,4/4/2011,0,Asset Management & Custody Banks,Financials,"New York, New York",reports,BlackRock,0.0,0.0,1.2369964262205828,0.0,0.0,0
HRB,12659,11/30/1986,0,Specialized Consumer Services,Consumer Discretionary,"Kansas City, Missouri",reports,H&R Block,-0.2287471243888935,0.0,0.7907782263332317,0.0,0.0,6
BA,12927,0,1916,Aerospace & Defense,Industrials,"Chicago, Illinois",reports,Boeing Company,0.0,0.0010306080468222498,1.2214937585985728,0.0,0.0,7
BWA,908255,12/19/2011,0,Auto Parts & Equipment,Consumer Discretionary,"Auburn Hills, Michigan",reports,BorgWarner,0.0,0.0,1.3032752474056477,0.0,0.0,0
BXP,1037540,4/3/2006,0,Office REITs,Real Estate,"Boston, Massachusetts",reports,Boston Properties,0.0,0.0,0.6637412052757294,0.0,0.0,1
BSX,885725,2/24/1995,0,Health Care Equipment,Health Care,"Marlborough, Massachusetts[4]",reports,Boston Scientific,0.0,0.0,1.1391128423132506,0.0,0.0,0
BMY,14272,0,1989,Health Care Distributors,Health Care,"New York, New York",reports,Bristol-Myers Squibb,0.0,0.0,0.7926219985194828,0.0,0.0,1
CHRW,1043277,3/2/2007,0,Air Freight & Logistics,Industrials,"Eden Prairie, Minnesota",reports,C. H. Robinson Worldwide,-0.13296661667693854,0.0,0.7784625605992365,0.0,0.0,0
COG,858470,6/23/2008,0,Oil & Gas Exploration & Production,Energy,"Houston, Texas",reports,Cabot Oil & Gas,0.0,0.0,0.7862310087284928,0.0,0.06044391632361103,3
CPB,16732,0,1869,Packaged Foods & Meats,Consumer Staples,"Camden, New Jersey",reports,Campbell Soup,0.0,0.0,0.3015133847517112,0.0,0.0,1
COF,927628,7/1/1998,1935,Consumer Finance,Financials,"Tysons Corner, Virginia",reports,Capital One Financial,-0.31401244316805754,0.0,1.1143221908123973,0.0,0.0,6
CAH,721371,5/27/1997,0,Health Care Distributors,Health Care,"Dublin, Ohio",reports,Cardinal Health Inc.,0.0,0.0,0.9506841841140964,0.0,0.0,0
CBOE,1374310,3/1/2017,0,Financial Exchanges & Data,Financials,"Chicago, Illinois",reports,Cboe Global Markets,0.0,0.0,0.4844178790992441,0.0,0.0,1
KMX,1170010,6/28/2010,0,Specialty Stores,Consumer Discretionary,"Richmond, Virginia",reports,Carmax Inc,0.0,0.0,0.9733972854668004,0.0,0.0,0
CCL,815097,12/22/1998,0,"Hotels, Resorts & Cruise Lines",Consumer Discretionary,"Miami, Florida",reports,Carnival Corp.,-0.15534241859600395,0.0,0.9496218318768892,0.0,-0.038682654747509634,6
CAT,18230,0,1925,Construction Machinery & Heavy Trucks,Industrials,"Deerfield, Illinois",reports,Caterpillar Inc.,0.0,0.0,1.475244761377308,0.0,0.0,0
CNC,1071739,3/30/2016,0,Managed Health Care,Health Care,"St Louis, Missouri",reports,Centene Corporation,0.0,0.0,1.1107765694964074,0.0,0.0,0
CNP,1130310,7/31/1985,0,Multi-Utilities,Utilities,"Houston, Texas",reports,CenterPoint Energy,0.18859843968665835,0.0,0.4224650355236943,0.0,0.0,1
CTL,18926,3/25/1999,0,Alternative Carriers,Communication Services,"Monroe, Louisiana",reports,CenturyLink Inc,0.2464762290446677,-0.001604211496858,1.0087236876497472,0.0,0.0,2
CERN,804753,4/30/2010,0,Health Care Technology,Health Care,"North Kansas City, Missouri",reports,Cerner,0.0,0.0,0.9344284312970186,0.0,0.0,0
CF,1324404,8/27/2008,0,Fertilizers & Agricultural Chemicals,Materials,"Deerfield, Illinois",reports,CF Industries Holdings Inc,0.0,0.0,1.288797910161414,0.0,0.04737451667691833,0
SCHW,316709,6/2/1997,0,Investment Banking & Brokerage,Financials,"San Francisco, California",reports,Charles Schwab Corporation,-0.5259825325696782,0.0,1.275933236386776,0.0,0.0,6
CHTR,1091667,9/8/2016,0,Cable & Satellite,Communication Services,"Stamford, Connecticut",reports,Charter Communications,0.0,0.0,0.9373218001800752,0.0,0.0,0
CVX,93410,0,1879,Integrated Oil & Gas,Energy,"San Ramon, California",reports,Chevron Corp.,0.0,0.0,0.8522118781781427,-0.00017386651476003977,0.04865108938461594,5
CB,896159,7/15/2010,0,Property & Casualty Insurance,Financials,"Zurich, Switzerland",reports,Chubb Limited,0.0,0.0,0.6700105907882594,0.0,0.0,1
CHD,313927,12/29/2015,0,Household Products,Consumer Staples,"Ewing, New Jersey",reports,Church & Dwight,0.0,0.0,0.44350614223744733,0.0,0.0,1
CI,701221,6/30/1976,0,Managed Health Care,Health Care,"Bloomfield, Connecticut",reports,CIGNA Corp.,0.0,0.0,0.8792235652241963,0.0,0.0,0
XEC,1168054,6/21/2014,0,Oil & Gas Exploration & Production,Energy,"Denver, Colorado",reports,Cimarex Energy,0.0,0.0,1.1087619269326827,0.0,0.0971040705455511,3
CINF,20286,12/18/1997,0,Property & Casualty Insurance,Financials,"Fairfield, Ohio",reports,Cincinnati Financial,0.0,0.0,0.7528375721438111,0.0,0.0,1
CTAS,723254,3/1/2001,0,Diversified Support Services,Industrials,"Mason, Ohio",reports,Cintas Corporation,0.0,0.0,1.0437914834400703,0.0,0.0,0
CSCO,858877,12/1/1993,0,Communications Equipment,Information Technology,"San Jose, California",reports,Cisco Systems,0.0,0.0,1.2357509805516649,0.0,0.0,0
C,831001,5/31/1988,0,Diversified Banks,Financials,"New York, New York",reports,Citigroup Inc.,-0.3252020095805228,0.0,1.1377951966332345,0.0,0.0,6
CFG,759944,1/29/2016,0,Regional Banks,Financials,"Providence, Rhode Island",reports,Citizens Financial Group,-0.5549290093938667,0.0,1.1031688110758529,0.0,0.0,6
CTXS,877890,12/1/1999,0,Application Software,Information Technology,"Fort Lauderdale, Florida",reports,Citrix Systems,0.0,0.0,0.8703765026432242,0.0,0.0,0
CLX,21076,3/31/1969,1913,Household Products,Consumer Staples,"Oakland, California",reports,The Clorox Company,0.0,0.0,0.4614065656677391,0.0,0.0,1
CME,1156375,8/11/2006,0,Financial Exchanges & Data,Financials,"Chicago, Illinois",reports,CME Group Inc.,-0.2293554526070795,0.0,0.6545700390522793,0.0,0.0,6
CMS,811156,5/3/1999,0,Multi-Utilities,Utilities,"Jackson, Michigan",reports,CMS Energy,0.14587970329800595,0.0,0.2178289750915468,0.0,0.0,1
KO,21344,0,1886,Soft Drinks,Consumer Staples,"Atlanta, Georgia",reports,Coca-Cola Company,0.0,0.0,0.4470431438546547,0.0,0.0,1
CTSH,1058290,11/17/2006,0,IT Consulting & Other Services,Information Technology,"Teaneck, New Jersey",reports,Cognizant Technology Solutions,0.0,0.0,0.9463612200058068,0.0,0.0,0
CL,21665,0,1806,Household Products,Consumer Staples,"New York, New York",reports,Colgate-Palmolive,0.1449431606558076,0.0,0.4757504100710193,0.0,0.0,1
CMCSA,1166691,9/18/2015,0,Cable & Satellite,Communication Services,"Philadelphia, Pennsylvania",reports,Comcast Corp.,0.0,0.0,0.8817719036238989,0.0,0.0,0
CMA,28412,12/1/1995,0,Diversified Banks,Financials,"Dallas, Texas",reports,Comerica Inc.,-0.4504453916016133,0.0,1.051430096490188,0.0,0.0,6
CAG,23217,8/31/1983,0,Packaged Foods & Meats,Consumer Staples,"Chicago, Illinois",reports,Conagra Brands,0.0,0.0,0.5811472600540276,0.0,0.0,1
CXO,1358071,2/22/2016,0,Oil & Gas Exploration & Production,Energy,"Midland, Texas",reports,Concho Resources,0.0,0.0,1.121224089328163,0.0,0.12652877355045433,3
COP,1163165,0,2002,Oil & Gas Exploration & Production,Energy,"Houston, Texas",reports,ConocoPhillips,0.0,0.0,0.9972734582096818,0.0,0.11081192653427348,3
ED,1047862,0,1823,Electric Utilities,Utilities,"New York, New York",reports,Consolidated Edison,0.1791627764482432,0.0,0.19553244419794025,0.0,0.0,1
STZ,16918,7/1/2005,0,Distillers & Vintners,Consumer Staples,"Victor, New York",reports,Constellation Brands,0.0,0.0,0.6702053188458442,0.0,0.0,1
COO,711404,9/23/2016,0,Health Care Supplies,Health Care,"San Ramon, California",reports,The Cooper Companies,0.0,0.0,0.9295345955404696,0.0,0.0,0
GLW,24741,0,1851,Electronic Components,Information Technology,"Corning, New York",reports,Corning Inc.,0.0,0.0,1.2475270627635922,0.0,0.0,0
COST,909832,10/1/1993,0,Hypermarkets & Super Centers,Consumer Staples,"Issaquah, Washington",reports,Costco Wholesale Corp.,0.0,0.0,0.8121594473602918,0.0,0.0,0
COTY,1024305,10/3/2016,0,Personal Products,Consumer Staples,"New York, New York",reports,"Coty, Inc",0.0,0.0,0.7234080109734964,0.0,0.0,1
CCI,1051470,3/14/2012,0,Specialized REITs,Real Estate,"Houston, Texas",reports,Crown Castle International Corp.,0.23128659013647934,0.0,0.4576641774435638,0.0,0.0,1
CSX,277948,9/30/1967,1980,Railroads,Industrials,"Jacksonville, Florida",reports,CSX Corp.,0.0,0.00113623543622924,1.1196061734792615,0.0,0.0,7
CMI,26172,3/31/1965,1919,Industrial Machinery,Industrials,"Columbus, Indiana",reports,Cummins Inc.,0.0,0.0,1.0205268126680749,0.0,0.0,0
CVS,64803,0,1996,Health Care Services,Health Care,"Woonsocket, Rhode Island",reports,CVS Health,0.0,0.0,0.8422932022907434,0.0,0.0,0
DHI,882184,0,1978,Homebuilding,Consumer Discretionary,"Fort Worth, Texas",reports,D. R. Horton,0.20513926978456187,0.0,0.949928966545686,0.0,0.0,0
DHR,313616,0,1969,Health Care Equipment,Health Care,"Washington, D.C.",reports,Danaher Corp.,0.0,0.0,0.9420631699315553,0.0,0.0,0
DRI,940944,0,1938,Restaurants,Consumer Discretionary,"Orlando, Florida",reports,Darden Restaurants,-0.1892242366009051,0.0,0.6882778582629073,0.0,0.0,6
DVA,927066,7/31/2008,0,Health Care Facilities,Health Care,"Denver, Colorado",reports,DaVita Inc.,0.0,0.0,0.9482601134490553,0.0,0.0,0
DE,315189,0,1837,Agricultural & Farm Machinery,Industrials,"Moline, Illinois",reports,Deere & Co.,0.0,0.0,1.1991113327267684,0.0,0.0,0
DAL,27904,9/11/2013,0,Airlines,Industrials,"Atlanta, Georgia",reports,Delta Air Lines Inc.,-0.28546441064151284,0.0,1.1313944640806384,0.0,-0.03435659401878473,6
XRAY,818479,11/14/2008,0,Health Care Supplies,Health Care,"York, Pennsylvania",reports,Dentsply Sirona,0.0,0.0,0.7309406490556517,0.0,0.0,1
DVN,1090012,8/30/2000,0,Oil & Gas Exploration & Production,Energy,"Oklahoma City, Oklahoma",reports,Devon Energy,0.0,0.0,1.2996557308743495,0.0,0.1211380922746664,3
DLR,1297996,5/18/2016,0,Specialized REITs,Real Estate,"San Francisco, California",reports,Digital Realty Trust Inc,0.2425163693889988,0.0,0.6507662863344044,0.0,0.0,1
DFS,1393612,7/2/2007,0,Consumer Finance,Financials,"Riverwoods, Illinois",reports,Discover Financial Services,-0.2740666648539569,0.0,1.1700285307156308,0.0,0.0,6
DISCA,1437107,3/1/2010,0,Broadcasting,Communication Services,"Silver Spring, Maryland",reports,Discovery Inc. Class A,0.0,0.0,0.8581717803258262,0.0,0.0,0
DISCK,1437107,8/7/2014,0,Broadcasting,Communication Services,"Silver Spring, Maryland",reports,Discovery Inc. Class C,0.0,0.0,0.8858637014683806,0.0,0.0,0
DISH,1001082,3/13/2017,0,Cable & Satellite,Communication Services,"Meridian, Colorado",reports,Dish Network,0.0,0.0,1.1462917240701844,0.0,0.0,0
DG,29534,12/3/2012,0,General Merchandise Stores,Consumer Discretionary,"Goodlettsville, Tennessee",reports,Dollar General,0.0,0.0,0.8141722601362931,0.0,0.0,0
DLTR,935703,12/19/2011,0,General Merchandise Stores,Consumer Discretionary,"Chesapeake, Virginia",reports,Dollar Tree,0.0,0.0,0.7460457960572773,0.0,0.0,1
D,715957,0,1983,Electric Utilities,Utilities,"Richmond, Virginia",reports,Dominion Energy,0.16749256923547998,0.0,0.2092968322580296,0.0,0.0,1
DOV,29905,10/31/1985,0,Industrial Machinery,Industrials,"Downers Grove, Illinois",reports,Dover Corp.,0.0,0.0,0.9983021412548458,0.0,0.03859991535537953,0
DTE,936340,0,1995,Multi-Utilities,Utilities,"Detroit, Michigan",reports,DTE Energy Co.,0.1823219618483426,0.0,0.190789513699489,0.0,0.0,1
DD,1666700,0,2017,Specialty Chemicals,Materials,"Midland, Michigan",reports,DuPont de Nemours Inc,0.0,0.0,1.1976635118064762,0.0,0.0,0
DUK,1326160,6/30/1976,0,Electric Utilities,Utilities,"Charlotte, North Carolina",reports,Duke Energy,0.13585632833804814,0.0,0.17144773413605174,0.0,0.0,1
DXC,1688568,4/4/2017,2017,IT Consulting & Other Services,Information Technology,"Tysons Corner, Virginia",reports,DXC Technology,0.0,0.0,1.1942158448249878,0.0,0.0,0
ETFC,1015780,3/31/2004,0,Investment Banking & Brokerage,Financials,"New York, New York",reports,E*Trade,-0.42276197484568895,0.0,1.2500728864141206,0.0,0.0,6
EMN,915389,1/1/1994,0,Diversified Chemicals,Materials,"Kingsport, Tennessee",reports,Eastman Chemical,0.0,0.0,1.1133993631420285,0.0,0.0,0
ETN,1551182,0,1911,Electrical Components & Equipment,Industrials,"Dublin, Ireland",reports,Eaton Corporation,0.0,0.0,1.0663606722462935,0.0,0.0,0
EBAY,1065088,0,1995,Internet & Direct Marketing Retail,Consumer Discretionary,"San Jose, California",reports,eBay Inc.,0.0,0.0,0.9610091191079784,0.0,0.0,0
ECL,31462,1/31/1989,0,Specialty Chemicals,Materials,"St. Paul, Minnesota",reports,Ecolab Inc.,0.0,0.0,0.7742312325423586,0.0,0.0,1
EIX,827052,0,1886,Electric Utilities,Utilities,"Rosemead, California",reports,Edison Int'l,0.2929588943480692,0.0,0.4665696118663947,0.0,0.0,1
EW,1099800,4/1/2011,0,Health Care Equipment,Health Care,"Irvine, California",reports,Edwards Lifesciences,0.0,0.0,1.1943687394537763,0.0,0.0,0
EA,712515,7/22/2002,0,Interactive Home Entertainment,Communication Services,"Redwood City, California",reports,Electronic Arts,0.0,0.0,1.18107041855268,0.0,0.0,0
EMR,32604,3/31/1965,1890,Electrical Components & Equipment,Industrials,"Ferguson, Missouri",reports,Emerson Electric Company,0.0,0.0,1.121978234959444,0.0,0.0,0
ETR,65984,0,1913,Electric Utilities,Utilities,"New Orleans, Louisiana",reports,Entergy Corp.,0.15583726310763427,0.0,0.25425106271867776,0.0,0.0,1
EOG,821189,11/2/2000,0,Oil & Gas Exploration & Production,Energy,"Houston, Texas",reports,EOG Resources,0.0,0.0,1.028770377646553,0.0,0.09543675077981267,3
EFX,33185,6/19/1997,0,Research & Consulting Services,Industrials,"Atlanta, Georgia",reports,Equifax Inc.,0.0,0.0,0.7712749422973894,0.0,0.0,1
EQIX,1101239,3/20/2015,0,Specialized REITs,Real Estate,"Redwood City, California",reports,Equinix,0.0,0.0,0.6330548739897611,0.0,0.0,1
EQR,906107,12/3/2001,0,Residential REITs,Real Estate,"Chicago, Illinois",reports,Equity Residential,0.0,0.0,0.4521756305848248,0.0,0.0,1
ESS,920522,4/2/2014,0,Residential REITs,Real Estate,"Palo Alto, California",reports,"Essex Property Trust, Inc.",0.15116422456821751,0.0,0.4185798894603924,0.0,-0.02326361898539419,1
EL,1001250,1/5/2006,0,Personal Products,Consumer Staples,"New York, New York",reports,Estee Lauder Cos.,0.0,0.0,0.8614508021219687,0.0,0.0,0
ES,72741,0,1966,Multi-Utilities,Utilities,"Springfield, Massachusetts",reports,Eversource Energy,0.1815438986898857,0.0,0.2463650299968244,0.0,0.0,1
RE,1095073,6/19/2017,0,Reinsurance,Financials,"Hamilton, Bermuda",reports,Everest Re Group Ltd.,-0.14234336154539795,0.0,0.5627011596966217,0.0,0.0,1
EXC,1109357,0,2000,Multi-Utilities,Utilities,"Chicago, Illinois",reports,Exelon Corp.,0.1744668393190861,0.0,0.2996513407393763,0.0,0.022464453489498208,1
EXPE,1324424,10/2/2007,0,Internet & Direct Marketing Retail,Consumer Discretionary,"Bellevue, Washington",reports,Expedia Group,0.0,0.0,0.8038108116335353,0.0,0.0,0
EXPD,746515,10/10/2007,0,Air Freight & Logistics,Industrials,"Seattle, Washington",reports,Expeditors,0.0,0.0,0.924934512004973,0.0,0.0,0
EXR,1289490,1/19/2016,0,Specialized REITs,Real Estate,"Salt Lake City, Utah",reports,Extra Space Storage,0.24519478758944466,0.0,0.384732012147322,0.0,-0.026026100565349833,1
XOM,34088,0,1999,Integrated Oil & Gas,Energy,"Irving, Texas",reports,Exxon Mobil Corp.,0.0,-0.0006613365876227249,0.7939678332221958,0.0,0.05287500352191299,3
FFIV,1048695,12/20/2010,1996,Communications Equipment,Information Technology,"Seattle, Washington",reports,F5 Networks,0.0,0.0,1.0580439501808108,0.0,0.0,0
FB,1326801,12/23/2013,0,Interactive Media & Services,Communication Services,"Menlo Park, California",reports,"Facebook, Inc.",0.0,0.0,1.2373892468001595,0.0,0.0,0
FAST,815556,9/15/2009,0,Building Products,Industrials,"Winona, Minnesota",reports,Fastenal Co,-0.17455621115544626,0.0,1.0301152089760262,0.0,0.0,6
FRT,34903,2/1/2016,0,Retail REITs,Real Estate,"Rockville, Maryland",reports,Federal Realty Investment Trust,0.1934394432710705,0.0,0.5238932196146525,0.0,0.0,1
FDX,1048911,12/31/1980,0,Air Freight & Logistics,Industrials,"Memphis, Tennessee",reports,FedEx Corporation,0.0,0.0,1.2126924722018786,0.0,0.0,0
FIS,1136893,11/10/2006,0,Data Processing & Outsourced Services,Information Technology,"Jacksonville, Florida",reports,Fidelity National Information Services,0.0,0.0,0.8391041550438485,0.0,0.0,0
FITB,35527,0,1858,Regional Banks,Financials,"Cincinnati, Ohio",reports,Fifth Third Bancorp,-0.4391391688812829,0.0,0.938019964952424,0.0,0.0,6
FE,1031296,0,1997,Electric Utilities,Utilities,"Akron, Ohio",reports,FirstEnergy Corp,0.13820183609012618,0.0,0.2842709856905892,0.0,0.0,1
FISV,798354,4/2/2001,0,Data Processing & Outsourced Services,Information Technology,"Brookfield, Wisconsin",reports,Fiserv Inc,0.0,0.0,0.8540963268866709,0.0,0.0,0
FLIR,354908,1/2/2009,0,Electronic Equipment & Instruments,Information Technology,"Wilsonville, Oregon",reports,FLIR Systems,0.0,0.0,0.8936169858079623,0.0,0.0,0
FLS,30625,10/2/2008,0,Industrial Machinery,Industrials,"Irving, Texas",reports,Flowserve Corporation,0.0,0.0,1.3199600270788108,0.0,0.04409204956005317,0
FMC,37785,8/19/2009,0,Fertilizers & Agricultural Chemicals,Materials,"Philadelphia, Pennsylvania",reports,FMC Corporation,0.0,0.0,1.117900520659598,0.0,0.0,0
F,37996,0,1903,Automobile Manufacturers,Consumer Discretionary,"Dearborn, Michigan",reports,Ford Motor,0.0,0.0,0.9480981813445648,0.0,0.0,0
FTV,1659166,7/1/2016,2016,Industrial Machinery,Industrials,"Everett, Washington",reports,Fortive Corp,0.0,0.0,1.0151665541765924,0.0,0.0,0
FBHS,1519751,6/22/2016,0,Building Products,Industrials,"Deerfield, Illinois",reports,Fortune Brands Home & Security,0.0,0.0,1.1173160263431718,0.0,0.0,0
BEN,38777,0,1947,Asset Management & Custody Banks,Financials,"San Mateo, California",reports,Franklin Resources,0.0,0.0,1.125059723083113,0.0,0.0,0
FCX,831259,0,1912,Copper,Materials,"Phoenix, Arizona",reports,Freeport-McMoRan Inc.,0.7732984899404118,0.0,1.6915078167429352,0.0,0.06463043473772451,3
GPS,39911,8/31/1986,0,Apparel Retail,Consumer Discretionary,"San Francisco, California",reports,Gap Inc.,0.0,0.0,0.8825325672247163,0.0,0.0,0
GRMN,1121788,12/12/2012,0,Consumer Electronics,Consumer Discretionary,"Schaffhausen, Switzerland",reports,Garmin Ltd.,0.0,0.0,0.8626713408950936,0.0,0.0,0
IT,749251,4/5/2017,0,IT Consulting & Other Services,Information Technology,"Stamford, Connecticut",reports,Gartner Inc,0.0,0.0,0.9524799301501401,0.0,0.0,0
GD,40533,0,1899,Aerospace & Defense,Industrials,"Falls Church, Virginia",reports,General Dynamics,0.0,0.0,0.8940624206547684,0.0,0.0,0
GE,40545,0,1892,Industrial Conglomerates,Industrials,"Boston, Massachusetts",reports,General Electric,0.0,-0.0017856919043938812,0.8709070377151059,0.0,0.0,2
GIS,40704,3/31/1969,1856,Packaged Foods & Meats,Consumer Staples,"Golden Valley, Minnesota",reports,General Mills,0.0,0.0,0.4506458823723373,0.0,0.0,1
GM,1467858,6/6/2013,0,Automobile Manufacturers,Consumer Discretionary,"Detroit, Michigan",reports,General Motors,0.0,0.0,1.051654454652859,0.0,0.0,0
GPC,40987,12/31/1973,1925,Specialty Stores,Consumer Discretionary,"Atlanta, Georgia",reports,Genuine Parts,0.0,0.0,0.7084284550828168,0.0,0.0,1
GILD,882095,7/1/2004,0,Biotechnology,Health Care,"Foster City, California",reports,Gilead Sciences,0.0,0.0,0.9522498646585176,0.0,0.0,0
GPN,1123360,4/25/2016,0,Data Processing & Outsourced Services,Information Technology,"Atlanta, Georgia",reports,Global Payments Inc.,0.0,0.0,1.2047499625429021,0.0,0.0,0
GS,886982,7/22/2002,0,Investment Banking & Brokerage,Financials,"New York, New York",reports,Goldman Sachs Group,-0.29937933241012804,0.0,1.2222839155559702,0.0,0.0,6
GWW,277135,6/30/1981,0,Industrial Machinery,Industrials,"Lake Forest, Illinois",reports,Grainger (W.W.) Inc.,0.0,0.0,0.8633372919558615,0.0,0.0,0
HAL,45012,0,1919,Oil & Gas Equipment & Services,Energy,"Houston, Texas",reports,Halliburton Co.,0.18179631340262808,0.0,1.042617234330266,0.0,0.07845915516709684,3
HBI,1359841,3/20/2015,2000,"Apparel, Accessories & Luxury Goods",Consumer Discretionary,"Winston-Salem, North Carolina",reports,Hanesbrands Inc,0.0,0.0,0.9178261227659474,0.0,0.0,0
HOG,793952,0,1903,Motorcycle Manufacturers,Consumer Discretionary,"Milwaukee, Wisconsin",reports,Harley-Davidson,0.0,0.0,0.9838820762178372,0.0,0.0,0
HIG,874766,0,0,Property & Casualty Insurance,Financials,"Hartford, Connecticut",reports,Hartford Financial Svc.Gp.,-0.2531063358948549,0.0,0.7685499413635719,0.0,0.0,6
HAS,46080,9/30/1984,0,Leisure Products,Consumer Discretionary,"Pawtucket, Rhode Island",reports,Hasbro Inc.,0.0,0.0,0.7211149402044957,0.0,0.0,1
HCA,860730,1/27/2015,0,Health Care Facilities,Health Care,"Nashville, Tennessee",reports,HCA Healthcare,0.0,0.0,0.8919197091588528,0.0,0.0,0
HP,46765,3/1/2010,0,Oil & Gas Drilling,Energy,"Tulsa, Oklahoma[5]",reports,Helmerich & Payne,0.0,0.0,1.0576041665228075,0.0,0.09004874579079722,3
HSIC,1000228,3/17/2015,0,Health Care Distributors,Health Care,"Melville, New York",reports,Henry Schein,0.0,0.0,0.87242524057391,0.0,-0.0573040033140409,1
HSY,47111,0,1894,Packaged Foods & Meats,Consumer Staples,"Hershey, Pennsylvania",reports,The Hershey Company,0.0,0.0,0.35983220829320484,0.0,0.0,1
HES,4447,5/31/1984,0,Integrated Oil & Gas,Energy,"New York, New York",reports,Hess Corporation,0.0,0.0,1.4346166448801936,0.0,0.1310706049501569,3
HPE,1645590,11/2/2015,2015,"Technology Hardware, Storage & Peripherals",Information Technology,"Palo Alto, California",reports,Hewlett Packard Enterprise,0.0,0.0,1.2305050213460198,0.0,0.0,0
HLT,1585689,6/19/2017,0,"Hotels, Resorts & Cruise Lines",Consumer Discretionary,"Tysons Corner, Virginia",reports,Hilton Worldwide Holdings Inc,-0.1258099060691754,0.0,0.9681041489392588,0.0,0.0,0
HOLX,859737,3/30/2016,0,Health Care Equipment,Health Care,"Marlborough, Massachusetts",reports,Hologic,0.0,0.0,0.9295168346547392,0.0,0.0,0
HD,354950,3/31/1988,0,Home Improvement Retail,Consumer Discretionary,"Atlanta, Georgia",reports,Home Depot,0.0,0.0,0.9555513535586296,0.0,0.0,0
HON,773840,3/31/1964,1906,Industrial Conglomerates,Industrials,"Morristown, New Jersey",reports,Honeywell Int'l Inc.,0.0,0.0,0.9123894269586308,0.0,0.0,0
HRL,48465,3/4/2009,0,Packaged Foods & Meats,Consumer Staples,"Austin, Minnesota",reports,Hormel Foods Corp.,0.1441149637505827,0.0,0.5472032312037396,0.0,0.0,1
HST,1070750,3/20/2007,0,Hotel & Resort REITs,Real Estate,"Bethesda, Maryland",reports,Host Hotels & Resorts,-0.25712224568165915,0.0,0.8247079238772248,0.0,0.0,6
HPQ,47217,12/31/1974,1939 (2015),"Technology Hardware, Storage & Peripherals",Information Technology,"Palo Alto, California",reports,HP Inc.,0.0,0.0,1.32235768378065,0.0,0.0,0
HUM,49071,0,1961,Managed Health Care,Health Care,"Louisville, Kentucky",reports,Humana Inc.,0.0,0.0,0.7316238412600036,0.0,0.0,1
HBAN,49196,0,1866,Regional Banks,Financials,"Columbus, Ohio",reports,Huntington Bancshares,-0.5368829979206214,0.0,0.9750414837861524,0.0,0.0,6
IDXX,874716,1/5/2017,0,Health Care Equipment,Health Care,"Westbrook, Maine",reports,IDEXX Laboratories,0.0,0.0,1.2674115350441777,0.0,0.0,0
INFO,1598014,6/2/2017,0,Research & Consulting Services,Industrials,"London, United Kingdom",reports,IHS Markit Ltd.,0.1387120358476136,0.0,0.8891653021727325,0.0,0.0,0
ITW,49826,2/28/1986,0,Industrial Machinery,Industrials,"Glenview, Illinois",reports,Illinois Tool Works,-0.11320694208094526,0.0,1.0840912107116898,0.0,0.0,0
ILMN,1110803,11/19/2015,0,Life Sciences Tools & Services,Health Care,"San Diego, California",reports,Illumina Inc,0.0,0.0,1.5492318066811317,0.0,0.0,0
IR,1466258,11/17/2010,0,Industrial Machinery,Industrials,"Dublin, Ireland",reports,Ingersoll-Rand PLC,0.0,0.0,1.0823842724502362,0.0,0.0,0
INTC,50863,12/31/1976,0,Semiconductors,Information Technology,"Santa Clara, California",reports,Intel Corp.,0.0,0.0,1.3150570451337795,0.0,0.0,0
ICE,1571949,9/26/2007,0,Financial Exchanges & Data,Financials,"Atlanta, Georgia",reports,Intercontinental Exchange,-0.1430711039043713,0.0,0.7683355735664814,0.0,0.0,0
IBM,51143,0,1911,IT Consulting & Other Services,Information Technology,"Armonk, New York",reports,International Business Machines,0.0,0.0,0.9284304159244722,0.0,0.0,0
INCY,879169,2/28/2017,0,Biotechnology,Health Care,"Wilmington, Delaware",reports,Incyte,0.0,0.0,1.3121988404504237,0.0,0.0,0
IP,51434,0,1898,Paper Packaging,Materials,"Memphis, Tennessee",reports,International Paper,0.0,0.0,1.0938333461933634,0.0,0.0,0
IPG,51644,10/1/1992,0,Advertising,Communication Services,"New York, New York",reports,Interpublic Group,0.0,0.0,0.8604839987671735,0.0,0.0,0
IFF,51253,3/31/1976,0,Specialty Chemicals,Materials,"New York, New York",reports,Intl Flavors & Fragrances,0.0,0.0,0.7554336173022028,0.0,0.0,1
INTU,896878,12/5/2000,0,Application Software,Information Technology,"Mountain View, California",reports,Intuit Inc.,0.0,0.0,1.2173603508771222,0.0,-0.02180943965556201,0
ISRG,1035267,6/2/2008,0,Health Care Equipment,Health Care,"Sunnyvale, California",reports,Intuitive Surgical Inc.,0.0,0.0,1.3315240381925757,0.0,0.0,0
IVZ,914208,8/21/2008,0,Asset Management & Custody Banks,Financials,"Atlanta, Georgia",reports,Invesco Ltd.,0.0,0.0,1.1847092756811914,0.0,0.0,0
IRM,1020569,1/6/2009,0,Specialized REITs,Real Estate,"Boston, Massachusetts",reports,Iron Mountain Incorporated,0.20919427778744087,0.0,0.693300392515344,0.0,0.0,1
JBHT,728535,7/1/2015,0,Trucking,Industrials,"Lowell, Arkansas",reports,J. B. Hunt Transport Services,0.0,0.0,0.9057856422763606,0.0,0.0,0
SJM,91419,11/6/2008,0,Packaged Foods & Meats,Consumer Staples,"Orrville, Ohio",reports,JM Smucker,0.0,0.0,0.3728434961012008,0.0,0.0,1
JNJ,200406,6/30/1973,1886,Pharmaceuticals,Health Care,"New Brunswick, New Jersey",reports,Johnson & Johnson,0.0,0.0,0.6969208284184903,0.0,0.0,1
JCI,833444,8/27/2010,0,Building Products,Industrials,"Cork, Ireland",reports,Johnson Controls International,0.0,0.0,0.9910508726978864,0.0,0.0,0
JPM,19617,6/30/1975,0,Diversified Banks,Financials,"New York, New York",reports,JPMorgan Chase & Co.,-0.3301414919608149,0.0,1.0186095706153713,0.0,0.0,6
JNPR,1043604,0,1996,Communications Equipment,Information Technology,"Sunnyvale, California",reports,Juniper Networks,-0.16392440589654142,0.0,0.9721306610146708,0.0,0.0,0
KSU,54480,5/24/2013,0,Railroads,Industrials,"Kansas City, Missouri",reports,Kansas City Southern,0.0,0.0,0.9226136629724124,0.0,0.0,0
K,55067,0,1906,Packaged Foods & Meats,Consumer Staples,"Battle Creek, Michigan",reports,Kellogg Co.,0.0,0.0,0.43841061690008143,0.0,0.0,1
KEY,91576,3/1/1994,0,Regional Banks,Financials,"Cleveland, Ohio",reports,KeyCorp,-0.5304570498532631,0.0,1.0752171622311617,0.0,0.0,6
KMB,55785,0,1872,Household Products,Consumer Staples,"Irving, Texas",reports,Kimberly-Clark,0.0,0.0,0.4298865790756636,0.0,0.0,1
KIM,879101,4/4/2006,0,Retail REITs,Real Estate,"New Hyde Park, New York",reports,Kimco Realty,0.0,0.0,0.6253427490518529,0.0,0.0,1
KMI,1506307,5/25/2012,0,Oil & Gas Storage & Transportation,Energy,"Houston, Texas",reports,Kinder Morgan,0.0,0.0,0.930124620056892,0.0,0.04551510087190956,0
KLAC,319201,0,1975/1977 (1997),Semiconductor Equipment,Information Technology,"Milpitas, California",reports,KLA Corporation,0.0,0.0,1.498749320717356,0.0,0.0,0
KSS,885639,0,1962,General Merchandise Stores,Consumer Discretionary,"Menomonee Falls, Wisconsin",reports,Kohl's Corp.,-0.34939254711173023,0.0,1.0202893230610308,0.0,0.0,6
KHC,1637459,7/6/2015,2015 (1869),Packaged Foods & Meats,Consumer Staples,"Chicago, Illinois; Pittsburgh, Pennsylvania",reports,Kraft Heinz Co,0.0,-0.0016178919371725208,0.6842151370046113,0.0,0.0,2
KR,56873,0,1883,Food Retail,Consumer Staples,"Cincinnati, Ohio",reports,Kroger Co.,0.0,0.0,0.5988687676612955,0.0,0.0,1
LB,701985,9/30/1983,0,Apparel Retail,Consumer Discretionary,"Columbus, Ohio",reports,L Brands Inc.,0.0,0.0,1.0491373053845832,0.0,0.0,0
LH,920148,11/1/2004,0,Health Care Services,Health Care,"Burlington, North Carolina",reports,Laboratory Corp. of America Holding,0.0,0.0,0.8833940965759113,0.0,0.0,0
LRCX,707549,6/29/2012,0,Semiconductor Equipment,Information Technology,"Fremont, California",reports,Lam Research,0.0,0.0,1.6307894170864154,0.0,0.0,0
LEG,58492,0,1883,Home Furnishings,Consumer Discretionary,"Carthage, Missouri",reports,Leggett & Platt,0.0,0.0,0.9910423146441064,0.0,0.0,0
LEN,920760,10/4/2005,0,Homebuilding,Consumer Discretionary,"Miami, Florida",reports,Lennar Corp.,0.2497862457577872,0.0,0.9575161242744092,0.0,0.0,0
LLY,59478,12/31/1970,1876,Pharmaceuticals,Health Care,"Indianapolis, Indiana",reports,Lilly (Eli) & Co.,0.0,0.0,0.7370137896620159,0.0,0.0,1
LNC,59558,6/30/1976,0,Multi-line Insurance,Financials,"Radnor, Pennsylvania",reports,Lincoln National,-0.4812174101489973,0.0,1.27797108197576,0.0,0.0,6
LKQ,1065696,5/23/2016,0,Distributors,Consumer Discretionary,"Chicago, Illinois",reports,LKQ Corporation,0.0,0.0,0.9321793428862692,0.0,0.0,0
LMT,936468,7/31/1984,0,Aerospace & Defense,Industrials,"Bethesda, Maryland",reports,Lockheed Martin Corp.,0.0,0.0,0.7890700688835258,0.0,0.0,1
L,60086,0,0,Multi-line Insurance,Financials,"New York, New York",reports,Loews Corp.,-0.1328964061804529,0.0,0.8609398816618274,0.0,0.0,0
LOW,60667,2/29/1984,1904/1946/1959,Home Improvement Retail,Consumer Discretionary,"Mooresville, North Carolina",reports,Lowe's Cos.,0.0,0.0,1.0871923459256614,0.0,0.0,0
LYB,1489393,9/5/2012,0,Specialty Chemicals,Materials,"Rotterdam, Netherlands",reports,LyondellBasell,0.0,0.0,1.027307001309184,0.0,0.04293015811322248,0
MTB,36270,0,1856,Regional Banks,Financials,"Buffalo, New York",reports,M&T Bank Corp.,-0.354448478370797,0.0,0.863275530141476,0.0,0.0,6
M,794367,0,1929,Department Stores,Consumer Discretionary,"Cincinnati, Ohio",reports,Macy's Inc.,-0.3323140201017277,0.0,0.962914106140736,0.0,0.0,6
MRO,101778,5/1/1991,0,Oil & Gas Exploration & Production,Energy,"Houston, Texas",reports,Marathon Oil Corp.,0.0,0.0,1.4300939228645697,0.0,0.1639245763191334,3
MPC,1510295,7/1/2011,0,Oil & Gas Refining & Marketing,Energy,"Findlay, Ohio",reports,Marathon Petroleum,0.0,0.0,1.130570374916967,0.0,0.10564848498988526,3
MAR,1048286,0,1927,"Hotels, Resorts & Cruise Lines",Consumer Discretionary,"Bethesda, Maryland",reports,Marriott Int'l.,0.0,0.0,1.0619902965104109,0.0,0.0,0
MMC,62709,8/31/1987,0,Insurance Brokers,Financials,"New York, New York",reports,Marsh & McLennan,0.0,0.0,0.7641451173300889,0.0,0.0,1
MLM,916076,7/2/2014,0,Construction Materials,Materials,"Raleigh, North Carolina",reports,Martin Marietta Materials,0.0,0.0,0.940465241048938,0.0,0.0,0
MAS,62996,6/30/1981,0,Building Products,Industrials,"Livonia, Michigan",reports,Masco Corp.,0.0,0.0,1.1138493447242273,0.0,0.0,0
MA,1141391,7/18/2008,0,Data Processing & Outsourced Services,Information Technology,"Harrison, New York",reports,Mastercard Inc.,0.0,0.0008924040146499414,1.3030039189594924,0.0,0.0,7
MKC,63754,0,1889,Packaged Foods & Meats,Consumer Staples,"Hunt Valley, Maryland",reports,McCormick & Co.,0.134227222442066,0.0,0.5523163357058294,0.0,0.0,1
MCD,63908,6/30/1970,1940,Restaurants,Consumer Discretionary,"Chicago, Illinois",reports,McDonald's Corp.,0.0,0.0,0.4982694973272699,0.0,0.0,1
MCK,927653,0,1833,Health Care Distributors,Health Care,"Irving, Texas",reports,McKesson Corp.,0.0,0.0,0.8820410129692544,0.0,0.0,0
MDT,1613103,10/31/1986,1949,Health Care Equipment,Health Care,"Dublin, Ireland",reports,Medtronic plc,0.0,0.0,0.810222836502112,0.0,-0.021409475549380497,1
MRK,310158,0,1891,Pharmaceuticals,Health Care,"Kenilworth, New Jersey",reports,Merck & Co.,0.0,0.0,0.7133121656734845,0.0,0.0,1
MET,1099219,0,1868,Life & Health Insurance,Financials,"New York, New York",reports,MetLife Inc.,-0.4196527009172599,0.0,1.0593146153836173,0.0,0.0,6
MTD,1037646,9/6/2016,0,Life Sciences Tools & Services,Health Care,"Columbus, Ohio",reports,Mettler Toledo,0.0,0.0,1.1465372850917328,0.0,0.0,0
MCHP,827054,9/7/2007,0,Semiconductors,Information Technology,"Chandler, Arizona",reports,Microchip Technology,0.0,0.0,1.419658682237184,0.0,0.0,0
MU,723125,9/27/1994,0,Semiconductors,Information Technology,"Boise, Idaho",reports,Micron Technology,0.0,0.0,1.8353911355343693,0.0,0.0,0
MSFT,789019,6/1/1994,1975,Systems Software,Information Technology,"Redmond, Washington",reports,Microsoft Corp.,0.0,0.0006843550071735388,1.3741176752878166,0.0,0.0,7
MAA,912595,12/2/2016,0,Residential REITs,Real Estate,"Memphis, Tennessee",reports,Mid-America Apartments,0.0,0.0,0.4529033857481423,0.0,0.0,1
MHK,851968,12/23/2013,0,Home Furnishings,Consumer Discretionary,"Calhoun, Georgia",reports,Mohawk Industries,0.0,0.0,1.0034728700518505,0.0,0.0,0
TAP,24545,6/30/1976,0,Brewers,Consumer Staples,"Denver, Colorado",reports,Molson Coors Brewing Company,0.2337937829071456,0.0,0.6941553686611927,0.0,0.0,1
MDLZ,1103982,10/2/2012,0,Packaged Foods & Meats,Consumer Staples,"Deerfield, Illinois",reports,Mondelez International,0.0,0.0,0.6665642677073643,0.0,0.0,1
MNST,865752,6/28/2012,0,Soft Drinks,Consumer Staples,"Corona, California",reports,Monster Beverage,0.0,0.0,0.8483488339215179,0.0,0.0,0
MCO,1059556,0,1909,Financial Exchanges & Data,Financials,"New York, New York",reports,Moody's Corp,0.0,0.0,1.1704119404054734,0.0,0.0,0
MS,895421,0,1935,Investment Banking & Brokerage,Financials,"New York, New York",reports,Morgan Stanley,-0.4245935171579683,0.0,1.3236505997017989,0.0,0.0,6
MOS,1285785,9/26/2011,0,Fertilizers & Agricultural Chemicals,Materials,"Tampa, Florida",reports,The Mosaic Company,0.0,0.0,1.2185337699605174,0.0,0.03970945787139552,0
MSI,68505,0,1928 (2011),Communications Equipment,Information Technology,"Chicago, Illinois",reports,Motorola Solutions Inc.,0.0,0.0,0.86688416905413,0.0,0.0,0
MYL,1623613,4/23/2004,1961,Pharmaceuticals,Health Care,"Amsterdam, Netherlands",reports,Mylan N.V.,0.2493911578182921,0.0,1.1598258308813785,0.0,0.0,0
NDAQ,1120193,10/22/2008,0,Financial Exchanges & Data,Financials,"New York, New York",reports,"Nasdaq, Inc.",0.0,0.0,0.7847256371496124,0.0,0.0,1
NOV,1021860,3/14/2005,0,Oil & Gas Equipment & Services,Energy,"Houston, Texas",reports,National Oilwell Varco Inc.,0.0,0.0,1.1272403547137584,0.0,0.08765266427809923,3
NTAP,1002047,6/25/1999,0,"Technology Hardware, Storage & Peripherals",Information Technology,"Sunnyvale, California",reports,NetApp,0.0,0.0,1.3978170454677634,0.0,0.0,0
NFLX,1065280,12/20/2010,1997,Movies & Entertainment,Communication Services,"Los Gatos, California",reports,Netflix Inc.,0.3121432220383398,0.0,1.7512895905110266,0.0,0.0,0
NWL,814453,4/30/1989,0,Housewares & Specialties,Consumer Discretionary,"Atlanta, Georgia",reports,Newell Brands,0.0,-0.001881224331466147,1.134291394641214,0.0,0.0,2
NEM,1164727,6/30/1969,1921,Gold,Materials,"Denver, Colorado",reports,Newmont Corporation,1.9261782732127521,0.0,0.4025282143583714,0.0,0.0,1
NWSA,1564708,8/1/2013,0,Publishing,Communication Services,"New York, New York",reports,News Corp. Class A,0.0,0.0,0.9809322246779731,0.0,0.0,0
NWS,1564708,9/18/2015,0,Publishing,Communication Services,"New York, New York",reports,News Corp. Class B,0.0,0.0,0.9655588245145212,0.0,0.0,0
NEE,753308,6/30/1976,0,Multi-Utilities,Utilities,"Juno Beach, Florida",reports,NextEra Energy,0.16615373312894613,0.0,0.24997696483348056,0.0,0.0,1
NLSN,1492633,7/9/2013,0,Research & Consulting Services,Industrials,"New York, New York",reports,Nielsen Holdings,0.0,0.0,0.926173025899625,0.0,0.0,0
NKE,320187,11/30/1988,0,"Apparel, Accessories & Luxury Goods",Consumer Discretionary,"Washington County, Oregon",reports,Nike,0.0,0.0,0.9931942202122884,0.0,0.0,0
NI,1111711,0,1912,Multi-Utilities,Utilities,"Merrillville, Indiana",reports,NiSource Inc.,0.24077501965409,0.0,0.2676222686858778,0.0,0.0,1
NBL,72207,10/8/2007,0,Oil & Gas Exploration & Production,Energy,"Houston, Texas",reports,Noble Energy Inc,0.0,0.0,1.2772354829451202,0.0,0.10794327602470943,3
JWN,72333,8/31/1986,0,Department Stores,Consumer Discretionary,"Seattle, Washington",reports,Nordstrom,-0.3248599614305838,0.0,0.8924372236660008,0.0,0.0,6
NSC,702165,0,1881/1894 (1980),Railroads,Industrials,"Norfolk, Virginia",reports,Norfolk Southern Corp.,-0.20216495549346716,0.0,1.12160234468657,0.0,0.0,6
NTRS,73124,0,1889,Asset Management & Custody Banks,Financials,"Chicago, Illinois",reports,Northern Trust Corp.,-0.3103841859644931,0.0,1.0919941833930005,0.0,0.0,6
NOC,1133421,6/30/1985,0,Aerospace & Defense,Industrials,"West Falls Church, Virginia",reports,Northrop Grumman,0.0,0.0,0.7747859498459921,0.0,0.0,1
NRG,1013871,1/29/2010,0,Independent Power Producers & Energy Traders,Utilities,"Princeton, New Jersey",reports,NRG Energy,0.3930852721245038,0.0,0.9645029592555212,0.0,0.0,1
NUE,73309,4/30/1985,0,Steel,Materials,"Charlotte, North Carolina",reports,Nucor Corp.,0.0,0.0,1.2529489386271284,0.0,0.0,0
NVDA,1045810,11/30/2001,0,Semiconductors,Information Technology,"Santa Clara, California",reports,Nvidia Corporation,-0.4719628438341181,0.0,1.92299058095688,0.0,0.0,6
ORLY,898173,3/27/2009,0,Specialty Stores,Consumer Discretionary,"Springfield, Missouri",reports,O'Reilly Automotive,0.0,0.0,0.7261557770928331,0.0,0.0,1
OXY,797468,12/31/1982,0,Oil & Gas Exploration & Production,Energy,"Houston, Texas",reports,Occidental Petroleum,0.1598880018180499,0.0,0.8548228464803571,0.0,0.05724607226249005,3
OMC,29989,0,1986,Advertising,Communication Services,"New York, New York",reports,Omnicom Group,0.0,0.0,0.6616815331735456,0.0,0.0,1
OKE,1039684,3/15/2010,0,Oil & Gas Storage & Transportation,Energy,"Tulsa, Oklahoma",reports,ONEOK,0.1429543522076072,0.0,0.9010305207295504,0.0,0.09718384251702823,3
ORCL,1341439,8/31/1989,0,Application Software,Information Technology,"Redwood Shores, California",reports,Oracle Corp.,0.0,0.0,0.9838707590472332,0.0,0.0,0
PCAR,75362,12/31/1980,0,Construction Machinery & Heavy Trucks,Industrials,"Bellevue, Washington",reports,PACCAR Inc.,0.0,0.0,1.0759814092333448,0.0,0.0,0
PH,76334,11/30/1985,0,Industrial Machinery,Industrials,"Cleveland, Ohio",reports,Parker-Hannifin,-0.14718048224228533,0.0,1.2239355386795197,0.0,0.0,0
PAYX,723531,0,1971,Data Processing & Outsourced Services,Information Technology,"Penfield, New York",reports,Paychex Inc.,0.0,0.0,0.8676556484042234,0.0,0.0,0
PYPL,1633917,7/20/2015,1998,Data Processing & Outsourced Services,Information Technology,"San Jose, California",reports,PayPal,0.0,0.0010427105443931908,1.3432713787448105,0.0,0.0,7
PNR,77360,10/1/2012,0,Industrial Machinery,Industrials,"Worsley, UK",reports,Pentair plc,0.0,0.0,1.032794986218025,0.0,0.0,0
PBCT,1378946,11/13/2008,0,Thrifts & Mortgage Finance,Financials,"Bridgeport, Connecticut",reports,People's United Financial,-0.3374881076352061,0.0,0.8394509592910565,0.0,0.0,6
PEP,77476,0,1898,Soft Drinks,Consumer Staples,"Purchase, New York",reports,PepsiCo Inc.,0.0,0.0,0.4437771032551822,0.0,0.0,1
PKI,31791,5/31/1985,0,Health Care Equipment,Health Care,"Waltham, Massachusetts",reports,PerkinElmer,0.0,0.0,1.2259670514041785,0.0,0.0,0
PRGO,1585364,12/19/2011,0,Pharmaceuticals,Health Care,"Dublin, Ireland",reports,Perrigo,0.0,0.0,1.1751718388958357,0.0,0.0,0
PFE,78003,0,1849,Pharmaceuticals,Health Care,"New York, New York",reports,Pfizer Inc.,0.0,0.0,0.7949602220447619,0.0,0.0,1
PM,1413329,3/31/2008,0,Tobacco,Consumer Staples,"New York, New York",reports,Philip Morris International,0.19870918992734607,0.0,0.5749082743032548,0.0,0.0,1
PSX,1534701,5/1/2012,0,Oil & Gas Refining & Marketing,Energy,"Houston, Texas",reports,Phillips 66,0.0,0.0,0.905201265187948,0.0,0.04104467560810016,0
PNW,764622,0,1985,Multi-Utilities,Utilities,"Phoenix, Arizona",reports,Pinnacle West Capital,0.1951928037678618,0.0,0.2579374823208289,0.0,0.0,1
PXD,1038357,9/24/2008,0,Oil & Gas Exploration & Production,Energy,"Irving, Texas",reports,Pioneer Natural Resources,0.0,0.0,1.146513254195184,0.0,0.08635421294027668,3
PNC,713676,4/30/1988,0,Regional Banks,Financials,"Pittsburgh, Pennsylvania",reports,PNC Financial Services,-0.3933539808313712,0.0,0.9230466909324532,0.0,0.0,6
RL,1037038,2/2/2007,0,"Apparel, Accessories & Luxury Goods",Consumer Discretionary,"New York, New York",reports,Ralph Lauren Corporation,0.0,0.0,1.01467120377416,0.0,0.0,0
PPG,79879,0,1883,Specialty Chemicals,Materials,"Pittsburgh, Pennsylvania",reports,PPG Industries,0.0,0.0,0.8992705052531285,0.0,0.0,0
PPL,922224,0,0,Electric Utilities,Utilities,"Allentown, Pennsylvania",reports,PPL Corp.,0.1966001179406041,0.0,0.27259759056717314,0.0,0.0,1
PFG,1126328,7/22/2002,0,Life & Health Insurance,Financials,"Des Moines, Iowa",reports,Principal Financial Group,-0.1624381632056101,0.0,1.162275645521371,0.0,0.0,0
PG,80424,0,1837,Personal Products,Consumer Staples,"Cincinnati, Ohio",reports,Procter & Gamble,0.0,0.0,0.4558107659801354,0.0,0.0,1
PGR,80661,8/4/1997,0,Property & Casualty Insurance,Financials,"Mayfield Village, Ohio",reports,Progressive Corp.,-0.15862633680596022,0.0008308367414045019,0.8246039850973563,0.0,0.0,7
PLD,1045609,7/17/2003,0,Industrial REITs,Real Estate,"San Francisco, California",reports,Prologis,0.19007104640808967,0.0,0.7315691072417184,0.0,0.0,1
PRU,1137774,7/22/2002,0,Life & Health Insurance,Financials,"Newark, New Jersey",reports,Prudential Financial,-0.3856858976620457,0.0,1.1790622381461917,0.0,0.0,6
PEG,788784,0,0,Electric Utilities,Utilities,"Newark, New Jersey",reports,Public Serv. Enterprise Inc.,0.17526165089782475,0.0,0.2745723692895281,0.0,0.0,1
PSA,1393311,8/19/2005,0,Specialized REITs,Real Estate,"Glendale, California",reports,Public Storage,0.16842865546861968,0.0,0.3072740359275378,0.0,-0.02410660756387633,1
PHM,822416,4/30/1984,0,Homebuilding,Consumer Discretionary,"Atlanta, Georgia",reports,PulteGroup,0.19699587797189266,0.0,0.8672693740787691,0.0,0.0,1
PVH,78239,2/15/2013,0,"Apparel, Accessories & Luxury Goods",Consumer Discretionary,"New York, New York",reports,PVH Corp.,0.0,0.0,1.0264717585372285,0.0,0.0,0
QRVO,1604778,6/11/2015,2015,Semiconductors,Information Technology,"Greensboro, North Carolina",reports,Qorvo,0.0,0.0,1.4660010012850864,0.0,0.0,0
PWR,1050915,7/1/2009,0,Construction & Engineering,Industrials,"Houston, Texas",reports,Quanta Services Inc.,0.0,0.0,1.1655799899672228,0.0,0.0,0
QCOM,804328,0,1985,Semiconductors,Information Technology,"San Diego, California",reports,QUALCOMM Inc.,0.0,0.0,1.1131899569977126,0.0,0.0,0
DGX,1022079,12/12/2002,0,Health Care Services,Health Care,"Madison, New Jersey",reports,Quest Diagnostics,0.0,0.0,0.7675401543671564,0.0,0.0,1
RJF,720005,3/20/2017,0,Investment Banking & Brokerage,Financials,"St. Petersburg, Florida",reports,Raymond James Financial Inc.,-0.32490603488683983,0.0,1.2880579389183269,0.0,-0.023354419364034547,6
RTN,1047122,0,1922,Aerospace & Defense,Industrials,"Waltham, Massachusetts",reports,Raytheon Co.,0.0,0.0,0.8204813223907035,0.0,0.0,0
O,726728,4/7/2015,0,Retail REITs,Real Estate,"San Diego, California",reports,Realty Income Corporation,0.3235852988293884,0.0,0.4650794242948227,0.0,0.0,1
REG,910606,3/2/2017,0,Retail REITs,Real Estate,"Jacksonville, Florida",reports,Regency Centers Corporation,0.23252351727038295,0.0,0.4940304549099944,0.0,0.0,1
REGN,872589,5/1/2013,0,Biotechnology,Health Care,"Tarrytown, New York",reports,Regeneron Pharmaceuticals,0.0,0.0,1.130131773267235,0.0,0.0,0
RF,1281761,8/28/1998,0,Regional Banks,Financials,"Birmingham, Alabama",reports,Regions Financial Corp.,-0.5309120939634465,0.0,1.086646666690987,0.0,0.0,6
RSG,1060391,12/5/2008,0,Environmental & Facilities Services,Industrials,"Phoenix, Arizona",reports,Republic Services Inc,0.0,0.0,0.5781969278539271,0.0,0.0,1
RHI,315213,12/5/2000,0,Human Resource & Employment Services,Industrials,"Menlo Park, California",reports,Robert Half International,-0.3056969365247018,0.0,1.2947338586959978,0.0,0.0,6
ROK,1024478,0,0,Electrical Components & Equipment,Industrials,"Milwaukee, Wisconsin",reports,Rockwell Automation Inc.,-0.13351121891467613,0.0,1.2289382545129277,0.0,0.0,0
ROST,745732,12/21/2009,0,Apparel Retail,Consumer Discretionary,"Pleasanton, California",reports,Ross Stores,0.0,0.0,0.8847803130931486,0.0,0.0,0
RCL,884887,12/5/2014,0,"Hotels, Resorts & Cruise Lines",Consumer Discretionary,"Miami, Florida",reports,Royal Caribbean Cruises Ltd,-0.1757149479287627,0.0,1.226261825650475,0.0,-0.03827440357117101,6
CRM,1108524,9/15/2008,0,Application Software,Information Technology,"San Francisco, California",reports,Salesforce.com,0.0,0.0,1.4461064003945268,0.0,-0.03984121259962594,0
STX,1137789,7/2/2012,0,"Technology Hardware, Storage & Peripherals",Information Technology,"Dublin, Ireland",reports,Seagate Technology,0.0,0.0,1.3942687354172814,0.0,0.0,0
SEE,1012100,0,0,Paper Packaging,Materials,"Elmwood Park, New Jersey",reports,Sealed Air,0.0,0.0,0.7829269651641183,0.0,-0.03454569474622006,1
SRE,1032208,0,0,Multi-Utilities,Utilities,"San Diego, California",reports,Sempra Energy,0.27230071448911225,0.0,0.3424874878009531,0.0,0.0,1
SHW,89800,6/30/1964,1866,Specialty Chemicals,Materials,"Cleveland, Ohio",reports,Sherwin-Williams,0.0,0.0,0.9374343430523092,0.0,0.0,0
SPG,1063761,6/26/2002,2003,Retail REITs,Real Estate,"Indianapolis, Indiana",reports,Simon Property Group Inc,0.0,0.0,0.5138408418787181,0.0,0.0,1
SWKS,4127,3/12/2015,0,Semiconductors,Information Technology,"Woburn, Massachusetts",reports,Skyworks Solutions,0.0,0.0,1.4530261244443674,0.0,0.0,0
SLG,1040971,3/20/2015,0,Office REITs,Real Estate,"New York, New York",reports,SL Green Realty,0.0,0.0,0.7072788055384781,0.0,0.0,1
SNA,91440,9/30/1982,1920,Industrial Machinery,Industrials,"Kenosha, Wisconsin",reports,Snap-on,-0.15529163351499733,0.0,0.9325595438489612,0.0,0.0,0
SO,92122,0,0,Electric Utilities,Utilities,"Atlanta, Georgia",reports,Southern Co.,0.11866259139046095,0.0,0.16523527687641956,0.0,0.0,1
LUV,92380,7/1/1994,0,Airlines,Industrials,"Dallas, Texas",reports,Southwest Airlines,-0.32391043797151303,0.0,0.9238102247351604,0.0,0.0,6
SPGI,64040,0,0,Financial Exchanges & Data,Financials,"New York, New York",reports,"S&P Global, Inc.",0.0,0.0,1.088767813155934,0.0,-0.02088293928445941,0
SWK,93556,9/30/1982,0,Industrial Machinery,Industrials,"New Britain, Connecticut",reports,Stanley Black & Decker,0.0,0.0,1.2142442602079797,0.0,0.0,0
SBUX,829224,0,1971,Restaurants,Consumer Discretionary,"Seattle, Washington",reports,Starbucks Corp.,0.0,0.0,0.6912764725921675,0.0,0.0,1
STT,93751,0,0,Asset Management & Custody Banks,Financials,"Boston, Massachusetts",reports,State Street Corp.,-0.1447748312540287,0.0,1.1613167966670903,0.0,0.0,0
SYK,310764,12/12/2000,0,Health Care Equipment,Health Care,"Kalamazoo, Michigan",reports,Stryker Corp.,0.1481546448322079,0.0,0.9813911763139612,0.0,0.0,0
SYF,1601712,11/18/2015,2003,Consumer Finance,Financials,"Stamford, Connecticut",reports,Synchrony Financial,-0.3014743742296505,0.0,1.1220629911587905,0.0,0.0,6
SNPS,883241,3/16/2017,0,Application Software,Information Technology,"Mountain View, California",reports,Synopsys Inc.,0.0,0.0006920409338332636,1.1016328647328943,0.0,0.0,7
SYY,96021,12/31/1986,0,Food Distributors,Consumer Staples,"Houston, Texas",reports,Sysco Corp.,0.0,0.0,0.6343263701751538,0.0,0.0,1
TROW,1113169,0,1937,Asset Management & Custody Banks,Financials,"Baltimore, Maryland",reports,T. Rowe Price Group,0.0,0.0,1.22553279824905,0.0,0.0,0
TGT,27419,12/31/1976,0,General Merchandise Stores,Consumer Discretionary,"Minneapolis, Minnesota",reports,Target Corp.,0.0,0.0,0.7746219806490385,0.0,0.0,1
TEL,1385157,10/17/2011,0,Electronic Manufacturing Services,Information Technology,"Schaffhausen, Switzerland",reports,TE Connectivity Ltd.,-0.1053144311858291,0.0,1.094312838367955,0.0,0.0,0
FTI,1681459,6/5/2009,2017 (1958),Oil & Gas Equipment & Services,Energy,"London, United Kingdom",reports,TechnipFMC,0.2356079882903496,0.0,1.0868891770619444,0.0,0.08741012971971855,3
TXN,97476,0,1930,Semiconductors,Information Technology,"Dallas, Texas",reports,Texas Instruments,0.0,0.0,1.2924134719450744,0.0,0.0,0
TXT,217346,12/31/1978,0,Aerospace & Defense,Industrials,"Providence, Rhode Island",reports,Textron Inc.,-0.1719504296239235,0.0,1.0766861400932293,0.0,0.0,6
TMO,97745,0,2006 (1902),Life Sciences Tools & Services,Health Care,"Waltham, Massachusetts",reports,Thermo Fisher Scientific,0.1256753083553047,0.0,1.125138825454128,0.0,0.0,0
TIF,98246,6/21/2000,0,"Apparel, Accessories & Luxury Goods",Consumer Discretionary,"New York, New York",reports,Tiffany & Co.,0.0,0.0,0.9280461915422944,0.0,0.0,0
TJX,109198,9/30/1985,0,Apparel Retail,Consumer Discretionary,"Framingham, Massachusetts",reports,TJX Companies Inc.,0.0,0.0,0.7165630877311973,0.0,0.0,1
TSCO,916365,1/24/2014,0,Specialty Stores,Consumer Discretionary,"Brentwood, Tennessee",reports,Tractor Supply Company,0.0,0.0,0.8618236690231964,0.0,0.0,0
TDG,1260221,6/3/2016,0,Aerospace & Defense,Industrials,"Cleveland, Ohio",reports,TransDigm Group,0.0,0.0,1.0829058031449341,0.0,0.0,0
TRV,86312,8/21/2002,0,Property & Casualty Insurance,Financials,"New York, New York",reports,The Travelers Companies Inc.,0.0,0.0,0.7171870954780062,0.0,0.0,1
TSN,100493,0,0,Packaged Foods & Meats,Consumer Staples,"Springdale, Arkansas",reports,Tyson Foods,0.0,0.0,0.7170730511691904,0.0,-0.12213929004576388,1
UDR,74208,3/7/2016,0,Residential REITs,Real Estate,"Highlands Ranch, Colorado",reports,"UDR, Inc.",0.0,0.0,0.4600373819281794,0.0,0.0,1
ULTA,1403568,4/18/2016,1990,Specialty Stores,Consumer Discretionary,"Bolingbrook, Illinois",reports,Ulta Beauty,0.0,0.0,0.8209828430542636,0.0,0.0,0
USB,36104,0,1968,Diversified Banks,Financials,"Minneapolis, Minnesota",reports,U.S. Bancorp,-0.2475737970114333,0.0,0.8156606440362978,0.0,0.0,6
UA,1336917,5/1/2014,0,"Apparel, Accessories & Luxury Goods",Consumer Discretionary,"Baltimore, Maryland",reports,Under Armour Class C,0.0,0.0,1.2949605921649063,0.0,0.0,0
UAA,1336917,3/25/2016,0,"Apparel, Accessories & Luxury Goods",Consumer Discretionary,"Baltimore, Maryland",reports,Under Armour Class A,0.0,0.0,1.2990348712516029,0.0,0.0,0
UNP,100885,0,0,Railroads,Industrials,"Omaha, Nebraska",reports,Union Pacific Corp,0.0,0.0,1.070208733145456,0.0,0.0,0
UAL,100517,9/3/2015,0,Airlines,Industrials,"Chicago, Illinois",reports,United Airlines Holdings,-0.38173024883806905,0.0,1.0628834969653358,0.0,0.0,6
UNH,731766,7/1/1994,0,Managed Health Care,Health Care,"Minnetonka, Minnesota",reports,United Health Group Inc.,0.0,0.0,0.951887408876518,0.0,0.0,0
UPS,1090727,7/22/2002,0,Air Freight & Logistics,Industrials,"Atlanta, Georgia",reports,United Parcel Service,0.0,0.0,0.9629990648069692,0.0,0.0,0
URI,1067701,9/20/2014,0,Trading Companies & Distributors,Industrials,"Stamford, Connecticut",reports,"United Rentals, Inc.",0.0,0.0,1.7717247241684966,0.0,0.039378142952265605,0
UTX,101829,0,0,Aerospace & Defense,Industrials,"Hartford, Connecticut",reports,United Technologies,0.0,0.0,0.9538856476708534,0.0,0.0,0
UHS,352915,9/20/2014,0,Health Care Facilities,Health Care,"King of Prussia, Pennsylvania",reports,"Universal Health Services, Inc.",0.0,0.0,0.7182736048508677,0.0,0.0,1
UNM,5513,3/1/1994,0,Life & Health Insurance,Financials,"Chattanooga, Tennessee",reports,Unum Group,-0.4039031199061671,0.0,1.1546583660058527,0.0,0.0,6
VFC,103379,6/30/1979,0,"Apparel, Accessories & Luxury Goods",Consumer Discretionary,"Greensboro, North Carolina",reports,V.F. Corp.,0.0,0.0,0.8582790129582931,0.0,0.0,0
VLO,1035002,0,1980,Oil & Gas Refining & Marketing,Energy,"San Antonio, Texas",reports,Valero Energy,0.0,0.0,1.0175078645237827,0.0,0.0,0
VAR,203527,2/12/2007,0,Health Care Equipment,Health Care,"Palo Alto, California",reports,Varian Medical Systems,0.0,0.0,0.8984106385184988,0.0,0.0,0
VTR,740260,3/4/2009,0,Health Care REITs,Real Estate,"Chicago, Illinois",reports,Ventas Inc,0.22487347978047173,0.0,0.3402131675853376,0.0,0.0,1
VRSN,1014473,2/1/2006,0,Internet Services & Infrastructure,Information Technology,"Dulles, Virginia",reports,Verisign Inc.,0.0,0.0,1.0484623757641671,0.0,0.0,0
VRSK,1442145,10/8/2015,0,Research & Consulting Services,Industrials,"Jersey City, New Jersey",reports,Verisk Analytics,0.0,0.0,0.8431628483703971,0.0,0.0,0
VZ,732712,11/30/1983,0,Integrated Telecommunication Services,Communication Services,"New York, New York",reports,Verizon Communications,0.0,0.0,0.4754270275098492,0.0,0.0,1
VRTX,875320,9/23/2013,0,Biotechnology,Health Care,"Cambridge, Massachusetts",reports,Vertex Pharmaceuticals Inc,0.0,0.0,1.3891489731327955,0.0,0.0,0
V,1403161,12/21/2009,0,Data Processing & Outsourced Services,Information Technology,"San Francisco, California",reports,Visa Inc.,0.0,0.0,1.194831309965796,0.0,0.0,0
VNO,899689,0,0,Office REITs,Real Estate,"New York, New York",reports,Vornado Realty Trust,0.0,0.0,0.6158735528197844,0.0,0.0,1
VMC,1396009,6/30/1999,0,Construction Materials,Materials,"Birmingham, Alabama",reports,Vulcan Materials,0.0,0.0,1.095561900906811,0.0,0.0,0
WMT,104169,8/31/1982,0,Hypermarkets & Super Centers,Consumer Staples,"Bentonville, Arkansas",reports,Walmart,0.0,0.0,0.6253025901078767,0.0,0.0,1
WBA,1618921,12/31/1979,2014,Drug Retail,Consumer Staples,"Deerfield, Illinois",reports,Walgreens Boots Alliance,0.0,0.0,0.8789914847495444,0.0,0.0,0
DIS,1001039,6/30/1976,0,Movies & Entertainment,Communication Services,"Burbank, California",reports,The Walt Disney Company,0.0,0.0,0.7840010926852041,0.0,0.0,1
WM,823768,0,1968,Environmental & Facilities Services,Industrials,"Houston, Texas",reports,Waste Management Inc.,0.0,0.0,0.6338658211165269,0.0,0.0,1
WAT,1000697,0,1958,Health Care Distributors,Health Care,"Milford, Massachusetts",reports,Waters Corporation,0.0,0.0,0.989268685887495,0.0,0.0,0
WEC,783325,10/31/2008,0,Electric Utilities,Utilities,"Milwaukee, Wisconsin",reports,Wec Energy Group Inc,0.1896299434949177,0.0,0.22545295972925716,0.0,0.0,1
WFC,72971,6/30/1976,0,Diversified Banks,Financials,"San Francisco, California",reports,Wells Fargo,-0.33540702476780143,0.0,0.9350196037025448,-0.0002077330283345896,-0.023018736443017402,5
WDC,106040,7/1/2009,0,"Technology Hardware, Storage & Peripherals",Information Technology,"Irvine, California",reports,Western Digital,0.0,0.0,1.4940996329840286,0.0,0.0,0
WU,1365135,0,1851,Data Processing & Outsourced Services,Information Technology,"Englewood, Colorado",reports,Western Union Co,0.0,0.0,0.7488381794469592,0.0,0.022744269691717788,1
WRK,1636023,0,2015,Paper Packaging,Materials,"Richmond, Virginia",reports,WestRock,0.0,0.0,1.1927255189021069,0.0,0.0,0
WY,106535,0,0,Specialized REITs,Real Estate,"Federal Way, Washington",reports,Weyerhaeuser,0.18737710810944905,0.0,0.8576844580722744,0.0,0.0,1
WHR,106640,0,1911,Household Appliances,Consumer Discretionary,"Benton Harbor, Michigan",reports,Whirlpool Corp.,0.0,0.0,0.9794207584985642,0.0,0.0,0
WMB,107263,3/31/1975,0,Oil & Gas Storage & Transportation,Energy,"Tulsa, Oklahoma",reports,Williams Cos.,0.18718741077799209,0.0,0.8959567627879927,0.0,0.05520674909316371,3
WLTW,1140536,1/5/2016,0,Insurance Brokers,Financials,"London, United Kingdom",reports,Willis Towers Watson,0.0,0.0,0.7306035555361251,0.0,-0.020855327396779186,1
WYNN,1174922,11/14/2008,0,Casinos & Gaming,Consumer Discretionary,"Paradise, Nevada",reports,Wynn Resorts Ltd,0.0,0.0,1.1614744712157012,0.0,0.044619811555323394,0
XEL,72903,0,1909,Multi-Utilities,Utilities,"Minneapolis, Minnesota",reports,Xcel Energy Inc,0.1532997742871171,0.0,0.20441221184666866,0.0,0.0,1
XRX,108772,0,1906,"Technology Hardware, Storage & Peripherals",Information Technology,"Norwalk, Connecticut",reports,Xerox,0.0,0.0,1.1038703158306622,0.0,0.0,0
XLNX,743988,11/8/1999,0,Semiconductors,Information Technology,"San Jose, California",reports,Xilinx,0.0,0.0,1.4089276999530846,0.0,0.0,0
XYL,1524472,11/1/2011,0,Industrial Machinery,Industrials,"White Plains, New York",reports,Xylem Inc.,0.0,0.0,1.0644553629974878,0.0,0.0,0
YUM,1041061,10/6/1997,0,Restaurants,Consumer Discretionary,"Louisville, Kentucky",reports,Yum! Brands Inc,0.0,0.0,0.7350805200839117,0.0,0.0,1
ZBH,1136869,8/7/2001,0,Health Care Equipment,Health Care,"Warsaw, Indiana",reports,Zimmer Biomet Holdings,0.1700709151684133,0.0,0.9617429475786516,0.0,0.0,0
ZION,109380,6/22/2001,0,Regional Banks,Financials,"Salt Lake City, Utah",reports,Zions Bancorp,-0.4748612107984034,0.0,1.025763874272575,0.0,0.0,6
ZTS,1555280,6/21/2013,0,Pharmaceuticals,Health Care,"Florham Park, New Jersey",reports,Zoetis,0.0,0.0,1.0103476269583642,0.0,0.0,0
